模块,表名,表注释,字段名,数据类型,必填,默认值,业务引用,字段注释
系统管理,sys_user,系统用户表,id,bigint unsigned,是,自增,,主键
系统管理,sys_user,,user_no,varchar(32),是,,,工号(唯一)
系统管理,sys_user,,user_name,varchar(64),是,,,姓名
系统管理,sys_user,,password,varchar(128),是,,,密码(加密存储)
系统管理,sys_user,,mobile,varchar(20),否,NULL,,手机号
系统管理,sys_user,,workshop_id,bigint unsigned,否,NULL,base_workshop.id,所属车间
系统管理,sys_user,,line_id,bigint unsigned,否,NULL,base_production_line.id,所属产线(操作工/班组长)
系统管理,sys_user,,status,tinyint unsigned,是,1,,状态:1启用 0停用
系统管理,sys_user,,create_time,datetime,是,CURRENT_TIMESTAMP,,创建时间
系统管理,sys_user,,update_time,datetime,是,CURRENT_TIMESTAMP,,更新时间
系统管理,sys_user,,is_deleted,tinyint unsigned,是,0,,逻辑删除:1删除 0未删除
系统管理,sys_role,系统角色表,id,bigint unsigned,是,自增,,主键
系统管理,sys_role,,role_code,varchar(32),是,,,角色编码(唯一)
系统管理,sys_role,,role_name,varchar(64),是,,,角色名称(管理员/PMC/车间主管/班组长/操作工/质检员等)
系统管理,sys_role,,remark,varchar(255),否,NULL,,备注
系统管理,sys_role,,status,tinyint unsigned,是,1,,状态:1启用 0停用
系统管理,sys_role,,create_time,datetime,是,CURRENT_TIMESTAMP,,创建时间
系统管理,sys_role,,update_time,datetime,是,CURRENT_TIMESTAMP,,更新时间
系统管理,sys_role,,is_deleted,tinyint unsigned,是,0,,逻辑删除
系统管理,sys_user_role,用户角色关系表,id,bigint unsigned,是,自增,,主键
系统管理,sys_user_role,,user_id,bigint unsigned,是,,sys_user.id,用户ID
系统管理,sys_user_role,,role_id,bigint unsigned,是,,sys_role.id,角色ID
系统管理,sys_user_role,,create_time,datetime,是,CURRENT_TIMESTAMP,,创建时间
系统管理,sys_user_role,,update_time,datetime,是,CURRENT_TIMESTAMP,,更新时间
系统管理,sys_user_role,,is_deleted,tinyint unsigned,是,0,,逻辑删除
基础资料,base_workshop,车间表,id,bigint unsigned,是,自增,,主键
基础资料,base_workshop,,workshop_code,varchar(32),是,,,车间编码(唯一)
基础资料,base_workshop,,workshop_name,varchar(64),是,,,车间名称
基础资料,base_workshop,,manager_id,bigint unsigned,否,NULL,sys_user.id,车间主管
基础资料,base_workshop,,status,tinyint unsigned,是,1,,状态:1启用 0停用
基础资料,base_workshop,,create_time,datetime,是,CURRENT_TIMESTAMP,,创建时间
基础资料,base_workshop,,update_time,datetime,是,CURRENT_TIMESTAMP,,更新时间
基础资料,base_workshop,,is_deleted,tinyint unsigned,是,0,,逻辑删除
基础资料,base_production_line,产线表,id,bigint unsigned,是,自增,,主键
基础资料,base_production_line,,line_code,varchar(32),是,,,产线编码(唯一)
基础资料,base_production_line,,line_name,varchar(64),是,,,产线名称
基础资料,base_production_line,,workshop_id,bigint unsigned,是,,base_workshop.id,所属车间
基础资料,base_production_line,,standard_capacity,int unsigned,否,NULL,,标准日产能(只)
基础资料,base_production_line,,status,tinyint unsigned,是,1,,状态:1启用 0停用
基础资料,base_production_line,,create_time,datetime,是,CURRENT_TIMESTAMP,,创建时间
基础资料,base_production_line,,update_time,datetime,是,CURRENT_TIMESTAMP,,更新时间
基础资料,base_production_line,,is_deleted,tinyint unsigned,是,0,,逻辑删除
基础资料,base_workstation,工位表,id,bigint unsigned,是,自增,,主键
基础资料,base_workstation,,station_code,varchar(32),是,,,工位编码(唯一)
基础资料,base_workstation,,station_name,varchar(64),是,,,工位名称
基础资料,base_workstation,,line_id,bigint unsigned,是,,base_production_line.id,所属产线
基础资料,base_workstation,,seq,int unsigned,是,0,,工位顺序
基础资料,base_workstation,,status,tinyint unsigned,是,1,,状态:1启用 0停用
基础资料,base_workstation,,create_time,datetime,是,CURRENT_TIMESTAMP,,创建时间
基础资料,base_workstation,,update_time,datetime,是,CURRENT_TIMESTAMP,,更新时间
基础资料,base_workstation,,is_deleted,tinyint unsigned,是,0,,逻辑删除
基础资料,base_shift,班次表,id,bigint unsigned,是,自增,,主键
基础资料,base_shift,,shift_code,varchar(32),是,,,班次编码(唯一)
基础资料,base_shift,,shift_name,varchar(64),是,,,班次名称(白班/夜班)
基础资料,base_shift,,start_time,time,是,,,班次开始时间
基础资料,base_shift,,end_time,time,是,,,班次结束时间
基础资料,base_shift,,status,tinyint unsigned,是,1,,状态:1启用 0停用
基础资料,base_shift,,create_time,datetime,是,CURRENT_TIMESTAMP,,创建时间
基础资料,base_shift,,update_time,datetime,是,CURRENT_TIMESTAMP,,更新时间
基础资料,base_shift,,is_deleted,tinyint unsigned,是,0,,逻辑删除
基础资料,base_factory_calendar,工厂日历表,id,bigint unsigned,是,自增,,主键
基础资料,base_factory_calendar,,calendar_date,date,是,,,日历日期
基础资料,base_factory_calendar,,workshop_id,bigint unsigned,是,,base_workshop.id,适用车间
基础资料,base_factory_calendar,,is_workday,tinyint unsigned,是,1,,是否工作日:1是 0否
基础资料,base_factory_calendar,,remark,varchar(255),否,NULL,,备注(节假日/调休说明)
基础资料,base_factory_calendar,,create_time,datetime,是,CURRENT_TIMESTAMP,,创建时间
基础资料,base_factory_calendar,,update_time,datetime,是,CURRENT_TIMESTAMP,,更新时间
基础资料,base_factory_calendar,,is_deleted,tinyint unsigned,是,0,,逻辑删除
基础资料,base_unit,计量单位表,id,bigint unsigned,是,自增,,主键
基础资料,base_unit,,unit_code,varchar(32),是,,,单位编码(唯一;支持API写入)
基础资料,base_unit,,unit_name,varchar(32),是,,,单位名称(只/打/箱/克)
基础资料,base_unit,,unit_precision,tinyint unsigned,是,0,,小数精度
基础资料,base_unit,,source_type,tinyint unsigned,是,1,,来源:1手工 2API写入
基础资料,base_unit,,status,tinyint unsigned,是,1,,状态:1启用 0停用
基础资料,base_unit,,create_time,datetime,是,CURRENT_TIMESTAMP,,创建时间
基础资料,base_unit,,update_time,datetime,是,CURRENT_TIMESTAMP,,更新时间
基础资料,base_unit,,is_deleted,tinyint unsigned,是,0,,逻辑删除
基础资料,base_customer,客户表,id,bigint unsigned,是,自增,,主键
基础资料,base_customer,,customer_code,varchar(32),是,,,客户编码(唯一)
基础资料,base_customer,,customer_name,varchar(128),是,,,客户名称
基础资料,base_customer,,contact,varchar(64),否,NULL,,联系人
基础资料,base_customer,,phone,varchar(20),否,NULL,,联系电话
基础资料,base_customer,,status,tinyint unsigned,是,1,,状态:1启用 0停用
基础资料,base_customer,,create_time,datetime,是,CURRENT_TIMESTAMP,,创建时间
基础资料,base_customer,,update_time,datetime,是,CURRENT_TIMESTAMP,,更新时间
基础资料,base_customer,,is_deleted,tinyint unsigned,是,0,,逻辑删除
基础资料,base_product,产品表,id,bigint unsigned,是,自增,,主键
基础资料,base_product,,product_code,varchar(32),是,,,产品编码(唯一)
基础资料,base_product,,product_name,varchar(128),是,,,产品名称(训练球/比赛球等)
基础资料,base_product,,spec,varchar(128),否,NULL,,规格型号
基础资料,base_product,,product_type,tinyint unsigned,是,1,,产品类型:1成品 2半成品
基础资料,base_product,,grade,varchar(32),否,NULL,,产品等级
基础资料,base_product,,unit_id,bigint unsigned,是,,base_unit.id,计量单位
基础资料,base_product,,status,tinyint unsigned,是,1,,状态:1启用 0停用
基础资料,base_product,,create_time,datetime,是,CURRENT_TIMESTAMP,,创建时间
基础资料,base_product,,update_time,datetime,是,CURRENT_TIMESTAMP,,更新时间
基础资料,base_product,,is_deleted,tinyint unsigned,是,0,,逻辑删除
基础资料,base_material,物料表,id,bigint unsigned,是,自增,,主键
基础资料,base_material,,material_code,varchar(32),是,,,物料编码(唯一)
基础资料,base_material,,material_name,varchar(128),是,,,物料名称(球头/羽片/胶水/线圈/包装材料)
基础资料,base_material,,spec,varchar(128),否,NULL,,规格型号
基础资料,base_material,,material_type,tinyint unsigned,是,,,物料类型:1球头 2羽片 3胶水 4线圈 5包装材料 9其他
基础资料,base_material,,unit_id,bigint unsigned,是,,base_unit.id,计量单位
基础资料,base_material,,is_key_material,tinyint unsigned,是,0,,是否关键物料:1是 0否(关键物料需批次追溯)
基础资料,base_material,,status,tinyint unsigned,是,1,,状态:1启用 0停用
基础资料,base_material,,create_time,datetime,是,CURRENT_TIMESTAMP,,创建时间
基础资料,base_material,,update_time,datetime,是,CURRENT_TIMESTAMP,,更新时间
基础资料,base_material,,is_deleted,tinyint unsigned,是,0,,逻辑删除
基础资料,base_bom,BOM主表,id,bigint unsigned,是,自增,,主键
基础资料,base_bom,,bom_code,varchar(32),是,,,BOM编码(唯一)
基础资料,base_bom,,product_id,bigint unsigned,是,,base_product.id,产品
基础资料,base_bom,,version,varchar(16),是,,,BOM版本(同产品多版本)
基础资料,base_bom,,bom_status,tinyint unsigned,是,0,,状态:0草稿 1生效 2停用
基础资料,base_bom,,create_by,bigint unsigned,是,,sys_user.id,创建人
基础资料,base_bom,,create_time,datetime,是,CURRENT_TIMESTAMP,,创建时间
基础资料,base_bom,,update_time,datetime,是,CURRENT_TIMESTAMP,,更新时间
基础资料,base_bom,,is_deleted,tinyint unsigned,是,0,,逻辑删除
基础资料,base_bom_detail,BOM明细表,id,bigint unsigned,是,自增,,主键
基础资料,base_bom_detail,,bom_id,bigint unsigned,是,,base_bom.id,BOM主表
基础资料,base_bom_detail,,material_id,bigint unsigned,是,,base_material.id,物料
基础资料,base_bom_detail,,quantity,decimal(12:4),是,,,标准用量(单位产品)
基础资料,base_bom_detail,,loss_rate,decimal(5:2),是,0,,损耗率(%)
基础资料,base_bom_detail,,create_time,datetime,是,CURRENT_TIMESTAMP,,创建时间
基础资料,base_bom_detail,,update_time,datetime,是,CURRENT_TIMESTAMP,,更新时间
基础资料,base_bom_detail,,is_deleted,tinyint unsigned,是,0,,逻辑删除
生产订单,prod_work_order,生产工单主表,id,bigint unsigned,是,自增,,主键
生产订单,prod_work_order,,work_order_no,varchar(32),是,,,工单号(唯一;日期+车间+流水)
生产订单,prod_work_order,,source_type,tinyint unsigned,是,1,,来源:1手工 2导入 3ERP同步 4API写入
生产订单,prod_work_order,,source_order_no,varchar(64),否,NULL,,外部来源单号(ERP/API;来源内唯一)
生产订单,prod_work_order,,product_id,bigint unsigned,是,,base_product.id,产品
生产订单,prod_work_order,,product_name,varchar(128),是,,,产品名称(冗余;避免联查)
生产订单,prod_work_order,,spec,varchar(128),否,NULL,,规格型号(冗余)
生产订单,prod_work_order,,unit_id,bigint unsigned,是,,base_unit.id,计量单位
生产订单,prod_work_order,,batch_no,varchar(64),否,NULL,,生产批次号
生产订单,prod_work_order,,bom_id,bigint unsigned,否,NULL,base_bom.id,BOM版本(下达前必须维护)
生产订单,prod_work_order,,routing_id,bigint unsigned,否,NULL,craft_routing.id,工艺路线(下达前必须维护)
生产订单,prod_work_order,,customer_id,bigint unsigned,否,NULL,base_customer.id,客户
生产订单,prod_work_order,,workshop_id,bigint unsigned,是,,base_workshop.id,目标车间
生产订单,prod_work_order,,plan_quantity,int unsigned,是,,,计划数量
生产订单,prod_work_order,,dispatched_quantity,int unsigned,是,0,,已派工数量
生产订单,prod_work_order,,input_quantity,int unsigned,是,0,,投入数量(汇总冗余)
生产订单,prod_work_order,,finish_quantity,int unsigned,是,0,,完工数量(汇总冗余)
生产订单,prod_work_order,,defect_quantity,int unsigned,是,0,,不良数量(汇总冗余)
生产订单,prod_work_order,,rework_quantity,int unsigned,是,0,,返修数量(汇总冗余)
生产订单,prod_work_order,,over_ratio,decimal(5:2),是,0,,允许超产比例(%)
生产订单,prod_work_order,,priority,tinyint unsigned,是,5,,优先级:1最高-9最低
生产订单,prod_work_order,,plan_start_time,datetime,是,,,计划开始时间
生产订单,prod_work_order,,plan_end_time,datetime,是,,,计划完成时间(交期)
生产订单,prod_work_order,,order_status,tinyint unsigned,是,0,,工单状态:0已创建 1已下达 2生产中 3暂停 4已完工 5已关闭 6已作废
生产订单,prod_work_order,,kit_status,tinyint unsigned,是,0,,齐套状态:0未分析 1齐套 2部分齐套 3欠料(冗余)
生产订单,prod_work_order,,create_by,bigint unsigned,是,,sys_user.id,创建人
生产订单,prod_work_order,,create_time,datetime,是,CURRENT_TIMESTAMP,,创建时间
生产订单,prod_work_order,,update_time,datetime,是,CURRENT_TIMESTAMP,,更新时间
生产订单,prod_work_order,,is_deleted,tinyint unsigned,是,0,,逻辑删除
生产订单,prod_work_order_material,工单物料需求表,id,bigint unsigned,是,自增,,主键
生产订单,prod_work_order_material,,work_order_id,bigint unsigned,是,,prod_work_order.id,生产工单
生产订单,prod_work_order_material,,material_id,bigint unsigned,是,,base_material.id,物料
生产订单,prod_work_order_material,,require_quantity,decimal(12:4),是,,,需求数量(计划数×BOM用量)
生产订单,prod_work_order_material,,issued_quantity,decimal(12:4),是,0,,已领/已发数量
生产订单,prod_work_order_material,,create_time,datetime,是,CURRENT_TIMESTAMP,,创建时间
生产订单,prod_work_order_material,,update_time,datetime,是,CURRENT_TIMESTAMP,,更新时间
生产订单,prod_work_order_material,,is_deleted,tinyint unsigned,是,0,,逻辑删除
生产订单,material_stock,物料库存可用量表,id,bigint unsigned,是,自增,,主键
生产订单,material_stock,,material_id,bigint unsigned,是,,base_material.id,物料(唯一)
生产订单,material_stock,,available_quantity,decimal(12:4),是,0,,可用数量
生产订单,material_stock,,locked_quantity,decimal(12:4),是,0,,已锁定数量
生产订单,material_stock,,checking_quantity,decimal(12:4),是,0,,在检数量
生产订单,material_stock,,transit_quantity,decimal(12:4),是,0,,在途数量
生产订单,material_stock,,sync_time,datetime,是,,,库存同步时间(来自WMS/ERP)
生产订单,material_stock,,create_time,datetime,是,CURRENT_TIMESTAMP,,创建时间
生产订单,material_stock,,update_time,datetime,是,CURRENT_TIMESTAMP,,更新时间
生产订单,material_stock,,is_deleted,tinyint unsigned,是,0,,逻辑删除
生产订单,kit_analysis,齐套分析结果表,id,bigint unsigned,是,自增,,主键
生产订单,kit_analysis,,work_order_id,bigint unsigned,是,,prod_work_order.id,生产工单
生产订单,kit_analysis,,material_id,bigint unsigned,是,,base_material.id,物料
生产订单,kit_analysis,,require_quantity,decimal(12:4),是,,,需求数量
生产订单,kit_analysis,,available_quantity,decimal(12:4),是,0,,可用数量(已扣锁定与在检)
生产订单,kit_analysis,,transit_quantity,decimal(12:4),是,0,,在途数量
生产订单,kit_analysis,,shortage_quantity,decimal(12:4),是,0,,欠料数量
生产订单,kit_analysis,,kit_status,tinyint unsigned,是,,,齐套状态:1齐套 2部分齐套 3欠料
生产订单,kit_analysis,,analysis_time,datetime,是,,,分析时间
生产订单,kit_analysis,,create_time,datetime,是,CURRENT_TIMESTAMP,,创建时间
生产订单,kit_analysis,,update_time,datetime,是,CURRENT_TIMESTAMP,,更新时间
生产订单,kit_analysis,,is_deleted,tinyint unsigned,是,0,,逻辑删除
生产订单,dispatch_order,派工单主表(排产结果),id,bigint unsigned,是,自增,,主键
生产订单,dispatch_order,,dispatch_no,varchar(32),是,,,派工单号(唯一)
生产订单,dispatch_order,,work_order_id,bigint unsigned,是,,prod_work_order.id,来源生产工单
生产订单,dispatch_order,,line_id,bigint unsigned,是,,base_production_line.id,产线
生产订单,dispatch_order,,shift_id,bigint unsigned,是,,base_shift.id,班次
生产订单,dispatch_order,,plan_date,date,是,,,排产日期
生产订单,dispatch_order,,plan_quantity,int unsigned,是,,,计划数量(不超工单未派数量)
生产订单,dispatch_order,,plan_start_time,datetime,是,,,计划开始时间
生产订单,dispatch_order,,plan_end_time,datetime,是,,,计划结束时间
生产订单,dispatch_order,,is_suggest,tinyint unsigned,是,0,,是否系统建议排产:1是 0人工
生产订单,dispatch_order,,dispatch_status,tinyint unsigned,是,0,,状态:0待审核 1已审核 2已下发 3执行中 4已完成 5已取消
生产订单,dispatch_order,,audit_by,bigint unsigned,否,NULL,sys_user.id,审核人
生产订单,dispatch_order,,audit_time,datetime,否,NULL,,审核时间
生产订单,dispatch_order,,adjust_reason,varchar(255),否,NULL,,下发后调整原因
生产订单,dispatch_order,,create_by,bigint unsigned,是,,sys_user.id,创建人
生产订单,dispatch_order,,create_time,datetime,是,CURRENT_TIMESTAMP,,创建时间
生产订单,dispatch_order,,update_time,datetime,是,CURRENT_TIMESTAMP,,更新时间
生产订单,dispatch_order,,is_deleted,tinyint unsigned,是,0,,逻辑删除
条码应用,barcode_type,条码类型表,id,bigint unsigned,是,自增,,主键
条码应用,barcode_type,,type_code,varchar(32),是,,,类型编码(唯一)
条码应用,barcode_type,,type_name,varchar(64),是,,,类型名称:产品码/内外箱码/中箱码/栈板码/材料码
条码应用,barcode_type,,apply_object,varchar(64),否,NULL,,适用对象说明
条码应用,barcode_type,,status,tinyint unsigned,是,1,,状态:1启用 0停用(停用后不可新建应用规则)
条码应用,barcode_type,,create_time,datetime,是,CURRENT_TIMESTAMP,,创建时间
条码应用,barcode_type,,update_time,datetime,是,CURRENT_TIMESTAMP,,更新时间
条码应用,barcode_type,,is_deleted,tinyint unsigned,是,0,,逻辑删除
条码应用,barcode_rule,条码规则表,id,bigint unsigned,是,自增,,主键
条码应用,barcode_rule,,rule_code,varchar(32),是,,,规则编码(唯一)
条码应用,barcode_rule,,rule_name,varchar(64),是,,,规则名称
条码应用,barcode_rule,,barcode_type_id,bigint unsigned,是,,barcode_type.id,适用条码类型
条码应用,barcode_rule,,serial_length,tinyint unsigned,是,4,,流水号位数
条码应用,barcode_rule,,serial_reset_cycle,tinyint unsigned,是,1,,流水号重置周期:1按日 2按月 3不重置
条码应用,barcode_rule,,status,tinyint unsigned,是,1,,状态:1启用 0停用
条码应用,barcode_rule,,create_time,datetime,是,CURRENT_TIMESTAMP,,创建时间
条码应用,barcode_rule,,update_time,datetime,是,CURRENT_TIMESTAMP,,更新时间
条码应用,barcode_rule,,is_deleted,tinyint unsigned,是,0,,逻辑删除
条码应用,barcode_rule_item,条码规则组成明细表,id,bigint unsigned,是,自增,,主键
条码应用,barcode_rule_item,,rule_id,bigint unsigned,是,,barcode_rule.id,条码规则
条码应用,barcode_rule_item,,seq,tinyint unsigned,是,,,组成顺序
条码应用,barcode_rule_item,,item_type,tinyint unsigned,是,,,组成类型:1常量 2日期 3变量(产品编码/产线编码) 4流水号
条码应用,barcode_rule_item,,item_value,varchar(64),否,NULL,,常量值或变量名
条码应用,barcode_rule_item,,date_format,varchar(16),否,NULL,,日期格式(yyyyMMdd)
条码应用,barcode_rule_item,,item_length,tinyint unsigned,否,NULL,,该段长度
条码应用,barcode_rule_item,,create_time,datetime,是,CURRENT_TIMESTAMP,,创建时间
条码应用,barcode_rule_item,,update_time,datetime,是,CURRENT_TIMESTAMP,,更新时间
条码应用,barcode_rule_item,,is_deleted,tinyint unsigned,是,0,,逻辑删除
条码应用,barcode_serial,条码流水号记录表,id,bigint unsigned,是,自增,,主键
条码应用,barcode_serial,,rule_id,bigint unsigned,是,,barcode_rule.id,条码规则
条码应用,barcode_serial,,serial_scope,varchar(64),是,,,流水维度值(日期+产品等组合;与规则联合唯一)
条码应用,barcode_serial,,current_serial,int unsigned,是,0,,当前流水号
条码应用,barcode_serial,,create_time,datetime,是,CURRENT_TIMESTAMP,,创建时间
条码应用,barcode_serial,,update_time,datetime,是,CURRENT_TIMESTAMP,,更新时间
条码应用,barcode_serial,,is_deleted,tinyint unsigned,是,0,,逻辑删除
条码应用,barcode_template,条码模板表,id,bigint unsigned,是,自增,,主键
条码应用,barcode_template,,template_code,varchar(32),是,,,模板编码(唯一)
条码应用,barcode_template,,template_name,varchar(64),是,,,模板名称
条码应用,barcode_template,,paper_width,decimal(6:2),是,,,纸张宽度(mm)
条码应用,barcode_template,,paper_height,decimal(6:2),是,,,纸张高度(mm)
条码应用,barcode_template,,version,varchar(16),是,V1,,模板版本(被绑定后修改需升版本)
条码应用,barcode_template,,status,tinyint unsigned,是,1,,状态:1启用 0停用
条码应用,barcode_template,,create_time,datetime,是,CURRENT_TIMESTAMP,,创建时间
条码应用,barcode_template,,update_time,datetime,是,CURRENT_TIMESTAMP,,更新时间
条码应用,barcode_template,,is_deleted,tinyint unsigned,是,0,,逻辑删除
条码应用,barcode_template_field,模板字段表,id,bigint unsigned,是,自增,,主键
条码应用,barcode_template_field,,template_id,bigint unsigned,是,,barcode_template.id,条码模板
条码应用,barcode_template_field,,field_name,varchar(64),是,,,字段名称(条码值/产品名称/批次号/生产日期/工单号)
条码应用,barcode_template_field,,field_type,tinyint unsigned,是,1,,字段类型:1文本 2条码 3二维码
条码应用,barcode_template_field,,data_source,varchar(64),是,,,数据来源字段
条码应用,barcode_template_field,,pos_x,decimal(6:2),是,0,,X位置(mm)
条码应用,barcode_template_field,,pos_y,decimal(6:2),是,0,,Y位置(mm)
条码应用,barcode_template_field,,font_size,tinyint unsigned,否,NULL,,字体大小
条码应用,barcode_template_field,,create_time,datetime,是,CURRENT_TIMESTAMP,,创建时间
条码应用,barcode_template_field,,update_time,datetime,是,CURRENT_TIMESTAMP,,更新时间
条码应用,barcode_template_field,,is_deleted,tinyint unsigned,是,0,,逻辑删除
条码应用,barcode_apply_rule,条码应用规则表,id,bigint unsigned,是,自增,,主键
条码应用,barcode_apply_rule,,object_type,tinyint unsigned,是,1,,对象类型:1产品 2物料
条码应用,barcode_apply_rule,,product_id,bigint unsigned,否,NULL,base_product.id,适用产品(对象类型=1)
条码应用,barcode_apply_rule,,material_id,bigint unsigned,否,NULL,base_material.id,适用物料(对象类型=2)
条码应用,barcode_apply_rule,,barcode_type_id,bigint unsigned,是,,barcode_type.id,条码类型
条码应用,barcode_apply_rule,,barcode_mode,tinyint unsigned,是,2,,条码模式:1唯一码 2批次码
条码应用,barcode_apply_rule,,rule_id,bigint unsigned,否,NULL,barcode_rule.id,条码规则(来源=规则生成时必填)
条码应用,barcode_apply_rule,,template_id,bigint unsigned,是,,barcode_template.id,标签模板
条码应用,barcode_apply_rule,,source_type,tinyint unsigned,是,1,,条码来源:1规则生成 2传入值生成 3外部导入
条码应用,barcode_apply_rule,,is_default,tinyint unsigned,是,1,,是否默认规则(同产品同类型仅一条默认启用)
条码应用,barcode_apply_rule,,version,varchar(16),是,V1,,规则版本
条码应用,barcode_apply_rule,,status,tinyint unsigned,是,1,,状态:1启用 0停用
条码应用,barcode_apply_rule,,create_time,datetime,是,CURRENT_TIMESTAMP,,创建时间
条码应用,barcode_apply_rule,,update_time,datetime,是,CURRENT_TIMESTAMP,,更新时间
条码应用,barcode_apply_rule,,is_deleted,tinyint unsigned,是,0,,逻辑删除
条码应用,barcode,条码主表,id,bigint unsigned,是,自增,,主键
条码应用,barcode,,barcode_value,varchar(64),是,,,条码值(全局唯一)
条码应用,barcode,,barcode_type_id,bigint unsigned,是,,barcode_type.id,条码类型
条码应用,barcode,,barcode_mode,tinyint unsigned,是,2,,条码模式:1唯一码 2批次码
条码应用,barcode,,apply_rule_id,bigint unsigned,否,NULL,barcode_apply_rule.id,来源应用规则
条码应用,barcode,,product_id,bigint unsigned,否,NULL,base_product.id,产品
条码应用,barcode,,material_id,bigint unsigned,否,NULL,base_material.id,物料(材料码)
条码应用,barcode,,batch_no,varchar(64),否,NULL,,批次号
条码应用,barcode,,work_order_id,bigint unsigned,否,NULL,prod_work_order.id,关联生产工单
条码应用,barcode,,task_id,bigint unsigned,否,NULL,prod_task.id,关联生产任务单
条码应用,barcode,,source_type,tinyint unsigned,是,1,,来源:1规则生成 2传入值 3外部导入
条码应用,barcode,,barcode_status,tinyint unsigned,是,0,,状态:0未使用 1已使用 2已作废(已使用不可作废)
条码应用,barcode,,create_by,bigint unsigned,是,,sys_user.id,创建人
条码应用,barcode,,create_time,datetime,是,CURRENT_TIMESTAMP,,创建时间
条码应用,barcode,,update_time,datetime,是,CURRENT_TIMESTAMP,,更新时间
条码应用,barcode,,is_deleted,tinyint unsigned,是,0,,逻辑删除
条码应用,barcode_print_record,条码打印记录表,id,bigint unsigned,是,自增,,主键
条码应用,barcode_print_record,,barcode_id,bigint unsigned,是,,barcode.id,条码
条码应用,barcode_print_record,,template_id,bigint unsigned,是,,barcode_template.id,打印模板
条码应用,barcode_print_record,,print_by,bigint unsigned,是,,sys_user.id,打印人
条码应用,barcode_print_record,,print_count,int unsigned,是,1,,累计打印次数
条码应用,barcode_print_record,,reprint_reason,varchar(255),否,NULL,,重复打印原因
条码应用,barcode_print_record,,print_time,datetime,是,,,打印时间
条码应用,barcode_print_record,,create_time,datetime,是,CURRENT_TIMESTAMP,,创建时间
条码应用,barcode_print_record,,update_time,datetime,是,CURRENT_TIMESTAMP,,更新时间
条码应用,barcode_print_record,,is_deleted,tinyint unsigned,是,0,,逻辑删除
现场管理,prod_param,生产参数配置表,id,bigint unsigned,是,自增,,主键
现场管理,prod_param,,param_code,varchar(64),是,,,参数编码(唯一;如allow_over_produce/must_scan_report/enable_first_check/allow_skip_process/enable_andon_link)
现场管理,prod_param,,param_name,varchar(128),是,,,参数名称
现场管理,prod_param,,param_value,varchar(255),是,,,参数值
现场管理,prod_param,,value_type,tinyint unsigned,是,1,,值类型:1开关 2数量 3枚举 4文本(校验用)
现场管理,prod_param,,workshop_id,bigint unsigned,否,NULL,base_workshop.id,适用车间(NULL为全局)
现场管理,prod_param,,line_id,bigint unsigned,否,NULL,base_production_line.id,适用产线(NULL为全车间)
现场管理,prod_param,,remark,varchar(255),否,NULL,,参数说明
现场管理,prod_param,,status,tinyint unsigned,是,1,,状态:1启用 0停用(停用回默认规则)
现场管理,prod_param,,create_time,datetime,是,CURRENT_TIMESTAMP,,创建时间
现场管理,prod_param,,update_time,datetime,是,CURRENT_TIMESTAMP,,更新时间
现场管理,prod_param,,is_deleted,tinyint unsigned,是,0,,逻辑删除
现场管理,prod_task,生产任务单主表,id,bigint unsigned,是,自增,,主键
现场管理,prod_task,,task_no,varchar(32),是,,,任务单号(唯一)
现场管理,prod_task,,source_type,tinyint unsigned,是,1,,来源:1派工单下发 2手工录入 3导入 4API写入
现场管理,prod_task,,source_task_no,varchar(64),否,NULL,,外部任务号(API写入时唯一)
现场管理,prod_task,,dispatch_order_id,bigint unsigned,否,NULL,dispatch_order.id,来源派工单
现场管理,prod_task,,work_order_id,bigint unsigned,是,,prod_work_order.id,来源生产工单
现场管理,prod_task,,product_id,bigint unsigned,是,,base_product.id,产品
现场管理,prod_task,,product_name,varchar(128),是,,,产品名称(冗余)
现场管理,prod_task,,batch_no,varchar(64),是,,,生产批次号(追溯主线)
现场管理,prod_task,,routing_id,bigint unsigned,是,,craft_routing.id,工艺路线版本
现场管理,prod_task,,line_id,bigint unsigned,是,,base_production_line.id,产线
现场管理,prod_task,,shift_id,bigint unsigned,是,,base_shift.id,班次
现场管理,prod_task,,plan_date,date,是,,,计划生产日期
现场管理,prod_task,,plan_quantity,int unsigned,是,,,计划数量
现场管理,prod_task,,input_quantity,int unsigned,是,0,,投入数量
现场管理,prod_task,,good_quantity,int unsigned,是,0,,良品数量
现场管理,prod_task,,defect_quantity,int unsigned,是,0,,不良数量
现场管理,prod_task,,rework_quantity,int unsigned,是,0,,返修数量
现场管理,prod_task,,finish_quantity,int unsigned,是,0,,完工数量
现场管理,prod_task,,plan_start_time,datetime,是,,,计划开始时间
现场管理,prod_task,,plan_end_time,datetime,是,,,计划结束时间
现场管理,prod_task,,actual_start_time,datetime,否,NULL,,实际开工时间
现场管理,prod_task,,actual_end_time,datetime,否,NULL,,实际结束时间
现场管理,prod_task,,task_status,tinyint unsigned,是,0,,任务状态:0待审核 1已审核 2已下发 3生产中 4暂停 5已完工 6已关闭 7已取消
现场管理,prod_task,,pause_reason,varchar(255),否,NULL,,暂停/取消/关闭原因
现场管理,prod_task,,audit_by,bigint unsigned,否,NULL,sys_user.id,审核人
现场管理,prod_task,,audit_time,datetime,否,NULL,,审核时间
现场管理,prod_task,,create_by,bigint unsigned,是,,sys_user.id,创建人
现场管理,prod_task,,create_time,datetime,是,CURRENT_TIMESTAMP,,创建时间
现场管理,prod_task,,update_time,datetime,是,CURRENT_TIMESTAMP,,更新时间
现场管理,prod_task,,is_deleted,tinyint unsigned,是,0,,逻辑删除
现场管理,prod_task_operate_log,任务操作记录表(平板/后台),id,bigint unsigned,是,自增,,主键
现场管理,prod_task_operate_log,,task_id,bigint unsigned,是,,prod_task.id,生产任务单
现场管理,prod_task_operate_log,,operate_type,tinyint unsigned,是,,,操作类型:1开工 2暂停 3恢复 4结束 5审核 6下发 7关闭
现场管理,prod_task_operate_log,,reason,varchar(255),否,NULL,,操作原因(暂停必填)
现场管理,prod_task_operate_log,,terminal_type,tinyint unsigned,是,1,,操作端:1后台 2平板
现场管理,prod_task_operate_log,,operator_id,bigint unsigned,是,,sys_user.id,操作人
现场管理,prod_task_operate_log,,operate_time,datetime,是,,,操作时间
现场管理,prod_task_operate_log,,create_time,datetime,是,CURRENT_TIMESTAMP,,创建时间
现场管理,prod_task_operate_log,,update_time,datetime,是,CURRENT_TIMESTAMP,,更新时间
现场管理,prod_task_operate_log,,is_deleted,tinyint unsigned,是,0,,逻辑删除
现场管理,prod_process_dispatch,生产派工单主表(工序派工),id,bigint unsigned,是,自增,,主键
现场管理,prod_process_dispatch,,dispatch_no,varchar(32),是,,,工序派工单号(唯一)
现场管理,prod_process_dispatch,,task_id,bigint unsigned,是,,prod_task.id,生产任务单
现场管理,prod_process_dispatch,,routing_id,bigint unsigned,是,,craft_routing.id,工艺路线版本
现场管理,prod_process_dispatch,,dispatch_status,tinyint unsigned,是,0,,状态:0待确认 1已确认 2执行中 3已完成
现场管理,prod_process_dispatch,,create_by,bigint unsigned,是,,sys_user.id,创建人
现场管理,prod_process_dispatch,,create_time,datetime,是,CURRENT_TIMESTAMP,,创建时间
现场管理,prod_process_dispatch,,update_time,datetime,是,CURRENT_TIMESTAMP,,更新时间
现场管理,prod_process_dispatch,,is_deleted,tinyint unsigned,是,0,,逻辑删除
现场管理,prod_process_dispatch_detail,工序派工明细表,id,bigint unsigned,是,自增,,主键
现场管理,prod_process_dispatch_detail,,dispatch_id,bigint unsigned,是,,prod_process_dispatch.id,工序派工主表
现场管理,prod_process_dispatch_detail,,process_id,bigint unsigned,是,,craft_process.id,工序
现场管理,prod_process_dispatch_detail,,seq,int unsigned,是,,,工序顺序(按工艺路线)
现场管理,prod_process_dispatch_detail,,station_id,bigint unsigned,否,NULL,base_workstation.id,工位
现场管理,prod_process_dispatch_detail,,user_id,bigint unsigned,否,NULL,sys_user.id,作业人员
现场管理,prod_process_dispatch_detail,,equipment_id,bigint unsigned,否,NULL,eqp_equipment.id,设备(停用设备不可派)
现场管理,prod_process_dispatch_detail,,plan_quantity,int unsigned,是,,,计划数量
现场管理,prod_process_dispatch_detail,,good_quantity,int unsigned,是,0,,良品数量
现场管理,prod_process_dispatch_detail,,defect_quantity,int unsigned,是,0,,不良数量
现场管理,prod_process_dispatch_detail,,detail_status,tinyint unsigned,是,0,,工序状态:0待作业 1作业中 2已完成 3异常
现场管理,prod_process_dispatch_detail,,create_time,datetime,是,CURRENT_TIMESTAMP,,创建时间
现场管理,prod_process_dispatch_detail,,update_time,datetime,是,CURRENT_TIMESTAMP,,更新时间
现场管理,prod_process_dispatch_detail,,is_deleted,tinyint unsigned,是,0,,逻辑删除
现场管理,prod_batch_status,产品生产状态表,id,bigint unsigned,是,自增,,主键
现场管理,prod_batch_status,,batch_no,varchar(64),是,,,产品批次号(唯一)
现场管理,prod_batch_status,,task_id,bigint unsigned,是,,prod_task.id,生产任务单
现场管理,prod_batch_status,,product_id,bigint unsigned,是,,base_product.id,产品
现场管理,prod_batch_status,,current_process_id,bigint unsigned,否,NULL,craft_process.id,当前工序
现场管理,prod_batch_status,,batch_status,tinyint unsigned,是,1,,批次状态:1在制 2待检 3返修中 4隔离 5已完工 6已报废
现场管理,prod_batch_status,,is_abnormal,tinyint unsigned,是,0,,是否异常:1是 0否(看板/报表提示)
现场管理,prod_batch_status,,create_time,datetime,是,CURRENT_TIMESTAMP,,创建时间
现场管理,prod_batch_status,,update_time,datetime,是,CURRENT_TIMESTAMP,,更新时间
现场管理,prod_batch_status,,is_deleted,tinyint unsigned,是,0,,逻辑删除
现场管理,prod_report,生产报工主表,id,bigint unsigned,是,自增,,主键
现场管理,prod_report,,report_no,varchar(32),是,,,报工单号(唯一)
现场管理,prod_report,,task_id,bigint unsigned,是,,prod_task.id,生产任务单
现场管理,prod_report,,dispatch_detail_id,bigint unsigned,否,NULL,prod_process_dispatch_detail.id,工序派工明细
现场管理,prod_report,,process_id,bigint unsigned,是,,craft_process.id,工序
现场管理,prod_report,,batch_no,varchar(64),是,,,产品批次号
现场管理,prod_report,,barcode_id,bigint unsigned,否,NULL,barcode.id,扫码条码
现场管理,prod_report,,report_type,tinyint unsigned,是,1,,报工类型:1普通 2不良 3检测 4设备计数 5关键物料 6装箱
现场管理,prod_report,,user_id,bigint unsigned,是,,sys_user.id,报工人
现场管理,prod_report,,equipment_id,bigint unsigned,否,NULL,eqp_equipment.id,设备
现场管理,prod_report,,station_id,bigint unsigned,否,NULL,base_workstation.id,工位
现场管理,prod_report,,input_quantity,int unsigned,是,0,,投入数量
现场管理,prod_report,,good_quantity,int unsigned,是,0,,良品数量(良品+不良不超投入)
现场管理,prod_report,,defect_quantity,int unsigned,是,0,,不良数量
现场管理,prod_report,,rework_quantity,int unsigned,是,0,,返修数量
现场管理,prod_report,,source_type,tinyint unsigned,是,1,,数据来源:1人工 2设备自动(不互相覆盖)
现场管理,prod_report,,report_time,datetime,是,,,报工时间
现场管理,prod_report,,report_status,tinyint unsigned,是,1,,状态:1有效 2已修正作废(修正保留原记录)
现场管理,prod_report,,origin_report_id,bigint unsigned,否,NULL,prod_report.id,被修正的原报工记录
现场管理,prod_report,,create_time,datetime,是,CURRENT_TIMESTAMP,,创建时间
现场管理,prod_report,,update_time,datetime,是,CURRENT_TIMESTAMP,,更新时间
现场管理,prod_report,,is_deleted,tinyint unsigned,是,0,,逻辑删除
现场管理,prod_report_defect,不良报工明细表,id,bigint unsigned,是,自增,,主键
现场管理,prod_report_defect,,report_id,bigint unsigned,是,,prod_report.id,报工主表
现场管理,prod_report_defect,,defect_reason_id,bigint unsigned,是,,craft_process_defect.id,不良原因
现场管理,prod_report_defect,,defect_quantity,int unsigned,是,,,不良数量
现场管理,prod_report_defect,,defect_position,varchar(64),否,NULL,,不良点位
现场管理,prod_report_defect,,handle_type,tinyint unsigned,是,1,,处理方式:1返修 2报废 3隔离
现场管理,prod_report_defect,,create_time,datetime,是,CURRENT_TIMESTAMP,,创建时间
现场管理,prod_report_defect,,update_time,datetime,是,CURRENT_TIMESTAMP,,更新时间
现场管理,prod_report_defect,,is_deleted,tinyint unsigned,是,0,,逻辑删除
现场管理,prod_report_packing,装箱报工明细表,id,bigint unsigned,是,自增,,主键
现场管理,prod_report_packing,,report_id,bigint unsigned,是,,prod_report.id,报工主表
现场管理,prod_report_packing,,box_barcode_id,bigint unsigned,是,,barcode.id,箱码(内外箱/中箱/栈板)
现场管理,prod_report_packing,,product_batch_no,varchar(64),是,,,箱内产品批次号
现场管理,prod_report_packing,,packing_quantity,int unsigned,是,,,装箱数量
现场管理,prod_report_packing,,create_time,datetime,是,CURRENT_TIMESTAMP,,创建时间
现场管理,prod_report_packing,,update_time,datetime,是,CURRENT_TIMESTAMP,,更新时间
现场管理,prod_report_packing,,is_deleted,tinyint unsigned,是,0,,逻辑删除
现场管理,prod_report_material,关键物料报工表,id,bigint unsigned,是,自增,,主键
现场管理,prod_report_material,,report_id,bigint unsigned,是,,prod_report.id,报工主表
现场管理,prod_report_material,,material_id,bigint unsigned,是,,base_material.id,关键物料
现场管理,prod_report_material,,material_batch_no,varchar(64),是,,,物料批次号(关键工序强制记录)
现场管理,prod_report_material,,product_batch_no,varchar(64),是,,,产品批次号(冗余;物料反查产品)
现场管理,prod_report_material,,use_quantity,decimal(12:4),是,,,使用数量
现场管理,prod_report_material,,create_time,datetime,是,CURRENT_TIMESTAMP,,创建时间
现场管理,prod_report_material,,update_time,datetime,是,CURRENT_TIMESTAMP,,更新时间
现场管理,prod_report_material,,is_deleted,tinyint unsigned,是,0,,逻辑删除
现场管理,prod_finish_order,生产完工单主表,id,bigint unsigned,是,自增,,主键
现场管理,prod_finish_order,,finish_no,varchar(32),是,,,完工单号(唯一)
现场管理,prod_finish_order,,task_id,bigint unsigned,是,,prod_task.id,生产任务单
现场管理,prod_finish_order,,work_order_id,bigint unsigned,是,,prod_work_order.id,生产工单(冗余)
现场管理,prod_finish_order,,product_id,bigint unsigned,是,,base_product.id,产品
现场管理,prod_finish_order,,batch_no,varchar(64),是,,,产品批次号
现场管理,prod_finish_order,,finish_quantity,int unsigned,是,,,完工数量(不超可完工数量)
现场管理,prod_finish_order,,good_quantity,int unsigned,是,0,,良品数量
现场管理,prod_finish_order,,defect_quantity,int unsigned,是,0,,不良数量
现场管理,prod_finish_order,,rework_quantity,int unsigned,是,0,,返修数量
现场管理,prod_finish_order,,finish_status,tinyint unsigned,是,0,,状态:0待审核 1已审核 2已作废(已审核不可删)
现场管理,prod_finish_order,,audit_by,bigint unsigned,否,NULL,sys_user.id,审核人(车间主管)
现场管理,prod_finish_order,,audit_time,datetime,否,NULL,,审核时间
现场管理,prod_finish_order,,audit_remark,varchar(255),否,NULL,,审核意见
现场管理,prod_finish_order,,sync_status,tinyint unsigned,是,0,,外部同步状态:0未读取 1ERP/WMS已读取
现场管理,prod_finish_order,,create_by,bigint unsigned,是,,sys_user.id,发起人(班组长)
现场管理,prod_finish_order,,create_time,datetime,是,CURRENT_TIMESTAMP,,创建时间
现场管理,prod_finish_order,,update_time,datetime,是,CURRENT_TIMESTAMP,,更新时间
现场管理,prod_finish_order,,is_deleted,tinyint unsigned,是,0,,逻辑删除
现场管理,rework_order,返修工单表,id,bigint unsigned,是,自增,,主键
现场管理,rework_order,,rework_no,varchar(32),是,,,返修单号(唯一)
现场管理,rework_order,,source_type,tinyint unsigned,是,1,,来源:1生产报工 2质检 3手工
现场管理,rework_order,,source_id,bigint unsigned,否,NULL,,来源单据ID(报工/检验单)
现场管理,rework_order,,task_id,bigint unsigned,是,,prod_task.id,生产任务单
现场管理,rework_order,,product_id,bigint unsigned,是,,base_product.id,产品
现场管理,rework_order,,batch_no,varchar(64),是,,,不良批次号
现场管理,rework_order,,defect_reason_id,bigint unsigned,否,NULL,craft_process_defect.id,不良原因
现场管理,rework_order,,defect_quantity,int unsigned,是,,,不良数量
现场管理,rework_order,,rework_process_id,bigint unsigned,否,NULL,craft_process.id,返修工序
现场管理,rework_order,,handler_id,bigint unsigned,否,NULL,sys_user.id,返修责任人
现场管理,rework_order,,require_remark,varchar(500),否,NULL,,处理要求
现场管理,rework_order,,rework_count,int unsigned,是,1,,返修次数(多次返修累计)
现场管理,rework_order,,rework_status,tinyint unsigned,是,0,,状态:0待返修 1返修中 2待复检 3合格关闭 4已报废
现场管理,rework_order,,recheck_by,bigint unsigned,否,NULL,sys_user.id,复检质检员
现场管理,rework_order,,recheck_result,tinyint unsigned,否,NULL,,复检结论:1合格 2继续返修 3报废
现场管理,rework_order,,qualified_quantity,int unsigned,是,0,,复检合格数量
现场管理,rework_order,,scrap_quantity,int unsigned,是,0,,报废数量(需记录责任原因)
现场管理,rework_order,,recheck_time,datetime,否,NULL,,复检时间
现场管理,rework_order,,create_by,bigint unsigned,是,,sys_user.id,创建人
现场管理,rework_order,,create_time,datetime,是,CURRENT_TIMESTAMP,,创建时间
现场管理,rework_order,,update_time,datetime,是,CURRENT_TIMESTAMP,,更新时间
现场管理,rework_order,,is_deleted,tinyint unsigned,是,0,,逻辑删除
工艺管理,craft_process,工序主表,id,bigint unsigned,是,自增,,主键
工艺管理,craft_process,,process_code,varchar(32),是,,,工序编码(唯一)
工艺管理,craft_process,,process_name,varchar(64),是,,,工序名称(球头准备/羽片分选/植毛/注胶/定型烘干/修整/称重/外观检验/包装)
工艺管理,craft_process,,process_type,tinyint unsigned,是,1,,工序类型:1加工 2检验 3包装
工艺管理,craft_process,,standard_hour,decimal(8:2),否,NULL,,标准工时(秒/只)
工艺管理,craft_process,,is_key,tinyint unsigned,是,0,,是否关键工序:1是 0否(关键工序强制记录报工人员)
工艺管理,craft_process,,is_inspect,tinyint unsigned,是,0,,是否需要质检:1是 0否
工艺管理,craft_process,,is_scan,tinyint unsigned,是,0,,是否必须扫码:1是 0否
工艺管理,craft_process,,is_piece,tinyint unsigned,是,0,,是否参与计件:1是 0否
工艺管理,craft_process,,equipment_category_id,bigint unsigned,否,NULL,eqp_category.id,设备类别要求
工艺管理,craft_process,,status,tinyint unsigned,是,1,,状态:1启用 0停用
工艺管理,craft_process,,create_time,datetime,是,CURRENT_TIMESTAMP,,创建时间
工艺管理,craft_process,,update_time,datetime,是,CURRENT_TIMESTAMP,,更新时间
工艺管理,craft_process,,is_deleted,tinyint unsigned,是,0,,逻辑删除
工艺管理,craft_process_defect,工序不良原因表,id,bigint unsigned,是,自增,,主键
工艺管理,craft_process_defect,,process_id,bigint unsigned,是,,craft_process.id,工序
工艺管理,craft_process_defect,,defect_code,varchar(32),是,,,不良原因编码(工序内唯一)
工艺管理,craft_process_defect,,defect_name,varchar(64),是,,,不良原因名称(羽片歪斜/胶量不足/球头开裂等)
工艺管理,craft_process_defect,,status,tinyint unsigned,是,1,,状态:1启用 0停用
工艺管理,craft_process_defect,,create_time,datetime,是,CURRENT_TIMESTAMP,,创建时间
工艺管理,craft_process_defect,,update_time,datetime,是,CURRENT_TIMESTAMP,,更新时间
工艺管理,craft_process_defect,,is_deleted,tinyint unsigned,是,0,,逻辑删除
工艺管理,craft_sop,SOP主表,id,bigint unsigned,是,自增,,主键
工艺管理,craft_sop,,sop_code,varchar(32),是,,,SOP编码
工艺管理,craft_sop,,sop_name,varchar(128),是,,,SOP名称
工艺管理,craft_sop,,version,varchar(16),是,V1,,版本(编码+版本唯一)
工艺管理,craft_sop,,effect_date,date,否,NULL,,生效日期
工艺管理,craft_sop,,sop_status,tinyint unsigned,是,1,,状态:1生效 0停用(停用版本不作为新任务默认)
工艺管理,craft_sop,,create_by,bigint unsigned,是,,sys_user.id,创建人(工艺工程师)
工艺管理,craft_sop,,create_time,datetime,是,CURRENT_TIMESTAMP,,创建时间
工艺管理,craft_sop,,update_time,datetime,是,CURRENT_TIMESTAMP,,更新时间
工艺管理,craft_sop,,is_deleted,tinyint unsigned,是,0,,逻辑删除
工艺管理,craft_sop_file,SOP文件表,id,bigint unsigned,是,自增,,主键
工艺管理,craft_sop_file,,sop_id,bigint unsigned,是,,craft_sop.id,SOP主表
工艺管理,craft_sop_file,,file_type,tinyint unsigned,是,1,,文件类型:1图片 2视频 3文档
工艺管理,craft_sop_file,,file_name,varchar(128),是,,,文件名称
工艺管理,craft_sop_file,,file_path,varchar(255),是,,,文件路径
工艺管理,craft_sop_file,,seq,int unsigned,是,0,,轮播顺序
工艺管理,craft_sop_file,,create_time,datetime,是,CURRENT_TIMESTAMP,,创建时间
工艺管理,craft_sop_file,,update_time,datetime,是,CURRENT_TIMESTAMP,,更新时间
工艺管理,craft_sop_file,,is_deleted,tinyint unsigned,是,0,,逻辑删除
工艺管理,craft_routing,工艺路线主表,id,bigint unsigned,是,自增,,主键
工艺管理,craft_routing,,routing_code,varchar(32),是,,,路线编码
工艺管理,craft_routing,,routing_name,varchar(128),是,,,路线名称
工艺管理,craft_routing,,version,varchar(16),是,V1,,路线版本(编码+版本唯一;已用于任务的版本不可覆盖)
工艺管理,craft_routing,,source_type,tinyint unsigned,是,1,,来源:1本地创建 2ERP读取确认
工艺管理,craft_routing,,routing_status,tinyint unsigned,是,0,,状态:0草稿 1生效 2停用(停用不可用于新任务)
工艺管理,craft_routing,,audit_by,bigint unsigned,否,NULL,sys_user.id,审核人
工艺管理,craft_routing,,audit_time,datetime,否,NULL,,审核时间
工艺管理,craft_routing,,create_by,bigint unsigned,是,,sys_user.id,创建人
工艺管理,craft_routing,,create_time,datetime,是,CURRENT_TIMESTAMP,,创建时间
工艺管理,craft_routing,,update_time,datetime,是,CURRENT_TIMESTAMP,,更新时间
工艺管理,craft_routing,,is_deleted,tinyint unsigned,是,0,,逻辑删除
工艺管理,craft_routing_detail,工艺路线明细表,id,bigint unsigned,是,自增,,主键
工艺管理,craft_routing_detail,,routing_id,bigint unsigned,是,,craft_routing.id,工艺路线
工艺管理,craft_routing_detail,,seq,int unsigned,是,,,工序顺序(路线内不可重复不可断裂)
工艺管理,craft_routing_detail,,process_id,bigint unsigned,是,,craft_process.id,工序
工艺管理,craft_routing_detail,,station_id,bigint unsigned,否,NULL,base_workstation.id,默认工位
工艺管理,craft_routing_detail,,is_inspect,tinyint unsigned,是,0,,是否质检节点:1是 0否
工艺管理,craft_routing_detail,,sop_id,bigint unsigned,否,NULL,craft_sop.id,绑定SOP
工艺管理,craft_routing_detail,,create_time,datetime,是,CURRENT_TIMESTAMP,,创建时间
工艺管理,craft_routing_detail,,update_time,datetime,是,CURRENT_TIMESTAMP,,更新时间
工艺管理,craft_routing_detail,,is_deleted,tinyint unsigned,是,0,,逻辑删除
工艺管理,craft_routing_product,路线产品关系表,id,bigint unsigned,是,自增,,主键
工艺管理,craft_routing_product,,routing_id,bigint unsigned,是,,craft_routing.id,工艺路线
工艺管理,craft_routing_product,,product_id,bigint unsigned,是,,base_product.id,产品(一条路线可绑多产品)
工艺管理,craft_routing_product,,is_default,tinyint unsigned,是,1,,是否产品默认路线:1是 0否
工艺管理,craft_routing_product,,create_time,datetime,是,CURRENT_TIMESTAMP,,创建时间
工艺管理,craft_routing_product,,update_time,datetime,是,CURRENT_TIMESTAMP,,更新时间
工艺管理,craft_routing_product,,is_deleted,tinyint unsigned,是,0,,逻辑删除
设备管理,eqp_category,设备类别表,id,bigint unsigned,是,自增,,主键
设备管理,eqp_category,,category_code,varchar(32),是,,,类别编码(唯一)
设备管理,eqp_category,,category_name,varchar(64),是,,,类别名称(植毛机/注胶机/烘干设备/分拣设备/包装设备)
设备管理,eqp_category,,parent_id,bigint unsigned,否,NULL,eqp_category.id,上级类别(树形)
设备管理,eqp_category,,status,tinyint unsigned,是,1,,状态:1启用 0停用(停用后不可新增该类设备)
设备管理,eqp_category,,create_time,datetime,是,CURRENT_TIMESTAMP,,创建时间
设备管理,eqp_category,,update_time,datetime,是,CURRENT_TIMESTAMP,,更新时间
设备管理,eqp_category,,is_deleted,tinyint unsigned,是,0,,逻辑删除
设备管理,eqp_manufacturer,设备制造商表,id,bigint unsigned,是,自增,,主键
设备管理,eqp_manufacturer,,manufacturer_name,varchar(128),是,,,制造商名称
设备管理,eqp_manufacturer,,contact,varchar(64),否,NULL,,联系人
设备管理,eqp_manufacturer,,phone,varchar(20),否,NULL,,联系电话
设备管理,eqp_manufacturer,,address,varchar(255),否,NULL,,地址
设备管理,eqp_manufacturer,,after_sale_remark,varchar(500),否,NULL,,售后说明
设备管理,eqp_manufacturer,,create_time,datetime,是,CURRENT_TIMESTAMP,,创建时间
设备管理,eqp_manufacturer,,update_time,datetime,是,CURRENT_TIMESTAMP,,更新时间
设备管理,eqp_manufacturer,,is_deleted,tinyint unsigned,是,0,,逻辑删除
设备管理,eqp_fault_reason,故障原因表,id,bigint unsigned,是,自增,,主键
设备管理,eqp_fault_reason,,reason_code,varchar(32),是,,,故障编码(唯一)
设备管理,eqp_fault_reason,,category_id,bigint unsigned,是,,eqp_category.id,设备类别(按类别维护)
设备管理,eqp_fault_reason,,reason_name,varchar(64),是,,,故障名称
设备管理,eqp_fault_reason,,fault_desc,varchar(500),否,NULL,,故障现象描述
设备管理,eqp_fault_reason,,handle_suggest,varchar(500),否,NULL,,处理建议
设备管理,eqp_fault_reason,,status,tinyint unsigned,是,1,,状态:1启用 0停用(停用不用于新报修)
设备管理,eqp_fault_reason,,create_time,datetime,是,CURRENT_TIMESTAMP,,创建时间
设备管理,eqp_fault_reason,,update_time,datetime,是,CURRENT_TIMESTAMP,,更新时间
设备管理,eqp_fault_reason,,is_deleted,tinyint unsigned,是,0,,逻辑删除
设备管理,eqp_equipment,设备台账表,id,bigint unsigned,是,自增,,主键
设备管理,eqp_equipment,,equipment_code,varchar(32),是,,,设备编码(唯一)
设备管理,eqp_equipment,,equipment_name,varchar(128),是,,,设备名称
设备管理,eqp_equipment,,category_id,bigint unsigned,是,,eqp_category.id,设备类别
设备管理,eqp_equipment,,model,varchar(64),否,NULL,,型号
设备管理,eqp_equipment,,manufacturer_id,bigint unsigned,否,NULL,eqp_manufacturer.id,制造商
设备管理,eqp_equipment,,workshop_id,bigint unsigned,是,,base_workshop.id,所属车间
设备管理,eqp_equipment,,line_id,bigint unsigned,否,NULL,base_production_line.id,所属产线(变更保留状态日志)
设备管理,eqp_equipment,,station_id,bigint unsigned,否,NULL,base_workstation.id,所在工位
设备管理,eqp_equipment,,manage_dept,varchar(64),否,NULL,,管理部门
设备管理,eqp_equipment,,manager_id,bigint unsigned,否,NULL,sys_user.id,责任人
设备管理,eqp_equipment,,theory_beat,decimal(8:2),否,NULL,,理论节拍(秒/只;OEE性能效率计算)
设备管理,eqp_equipment,,run_status,tinyint unsigned,是,1,,运行状态:1运行 2停机 3维修 4停用 5报废(停用/维修不可新派工)
设备管理,eqp_equipment,,create_time,datetime,是,CURRENT_TIMESTAMP,,创建时间
设备管理,eqp_equipment,,update_time,datetime,是,CURRENT_TIMESTAMP,,更新时间
设备管理,eqp_equipment,,is_deleted,tinyint unsigned,是,0,,逻辑删除
设备管理,eqp_maintain_plan,保养计划表,id,bigint unsigned,是,自增,,主键
设备管理,eqp_maintain_plan,,plan_no,varchar(32),是,,,计划编号(唯一)
设备管理,eqp_maintain_plan,,equipment_id,bigint unsigned,否,NULL,eqp_equipment.id,设备(与类别二选一)
设备管理,eqp_maintain_plan,,category_id,bigint unsigned,否,NULL,eqp_category.id,设备类别(按类别配置)
设备管理,eqp_maintain_plan,,maintain_item,varchar(255),是,,,保养项目
设备管理,eqp_maintain_plan,,maintain_standard,varchar(500),否,NULL,,保养标准
设备管理,eqp_maintain_plan,,cycle_type,tinyint unsigned,是,1,,周期类型:1日 2周 3月 4季 5年
设备管理,eqp_maintain_plan,,cycle_value,int unsigned,是,1,,周期值(每N个周期)
设备管理,eqp_maintain_plan,,handler_id,bigint unsigned,是,,sys_user.id,默认责任人
设备管理,eqp_maintain_plan,,next_time,datetime,否,NULL,,下次生成任务时间
设备管理,eqp_maintain_plan,,status,tinyint unsigned,是,1,,状态:1启用 0暂停(维修/停用设备可暂停)
设备管理,eqp_maintain_plan,,create_time,datetime,是,CURRENT_TIMESTAMP,,创建时间
设备管理,eqp_maintain_plan,,update_time,datetime,是,CURRENT_TIMESTAMP,,更新时间
设备管理,eqp_maintain_plan,,is_deleted,tinyint unsigned,是,0,,逻辑删除
设备管理,eqp_maintain_task,保养任务表,id,bigint unsigned,是,自增,,主键
设备管理,eqp_maintain_task,,task_no,varchar(32),是,,,任务编号(唯一)
设备管理,eqp_maintain_task,,plan_id,bigint unsigned,是,,eqp_maintain_plan.id,保养计划
设备管理,eqp_maintain_task,,equipment_id,bigint unsigned,是,,eqp_equipment.id,设备
设备管理,eqp_maintain_task,,plan_time,datetime,是,,,计划保养时间
设备管理,eqp_maintain_task,,handler_id,bigint unsigned,是,,sys_user.id,执行人
设备管理,eqp_maintain_task,,finish_time,datetime,否,NULL,,实际完成时间
设备管理,eqp_maintain_task,,result_type,tinyint unsigned,否,NULL,,保养结果:1正常 2异常(异常可触发报修)
设备管理,eqp_maintain_task,,result_remark,varchar(500),否,NULL,,保养结果说明
设备管理,eqp_maintain_task,,image_path,varchar(500),否,NULL,,照片路径
设备管理,eqp_maintain_task,,is_overdue,tinyint unsigned,是,0,,是否逾期:1是 0否
设备管理,eqp_maintain_task,,task_status,tinyint unsigned,是,0,,状态:0待执行 1已执行 2已审核
设备管理,eqp_maintain_task,,audit_by,bigint unsigned,否,NULL,sys_user.id,审核人(设备管理员)
设备管理,eqp_maintain_task,,create_time,datetime,是,CURRENT_TIMESTAMP,,创建时间
设备管理,eqp_maintain_task,,update_time,datetime,是,CURRENT_TIMESTAMP,,更新时间
设备管理,eqp_maintain_task,,is_deleted,tinyint unsigned,是,0,,逻辑删除
设备管理,eqp_spot_check_item,点检标准表,id,bigint unsigned,是,自增,,主键
设备管理,eqp_spot_check_item,,category_id,bigint unsigned,是,,eqp_category.id,设备类别
设备管理,eqp_spot_check_item,,item_name,varchar(128),是,,,点检项目名称
设备管理,eqp_spot_check_item,,check_standard,varchar(500),否,NULL,,点检标准
设备管理,eqp_spot_check_item,,check_cycle,tinyint unsigned,是,1,,点检频率:1每班 2每日 3每周
设备管理,eqp_spot_check_item,,status,tinyint unsigned,是,1,,状态:1启用 0停用
设备管理,eqp_spot_check_item,,create_time,datetime,是,CURRENT_TIMESTAMP,,创建时间
设备管理,eqp_spot_check_item,,update_time,datetime,是,CURRENT_TIMESTAMP,,更新时间
设备管理,eqp_spot_check_item,,is_deleted,tinyint unsigned,是,0,,逻辑删除
设备管理,eqp_spot_check_record,点检记录表,id,bigint unsigned,是,自增,,主键
设备管理,eqp_spot_check_record,,equipment_id,bigint unsigned,是,,eqp_equipment.id,点检设备
设备管理,eqp_spot_check_record,,item_id,bigint unsigned,是,,eqp_spot_check_item.id,点检项目
设备管理,eqp_spot_check_record,,check_result,tinyint unsigned,是,1,,点检结果:1正常 2异常
设备管理,eqp_spot_check_record,,abnormal_remark,varchar(500),否,NULL,,异常说明(结果异常必填)
设备管理,eqp_spot_check_record,,handle_type,tinyint unsigned,否,NULL,,异常处理:1生成报修 2生成安灯 3现场处理
设备管理,eqp_spot_check_record,,handle_result,varchar(255),否,NULL,,处理结果
设备管理,eqp_spot_check_record,,checker_id,bigint unsigned,是,,sys_user.id,点检人
设备管理,eqp_spot_check_record,,check_time,datetime,是,,,点检时间
设备管理,eqp_spot_check_record,,create_time,datetime,是,CURRENT_TIMESTAMP,,创建时间
设备管理,eqp_spot_check_record,,update_time,datetime,是,CURRENT_TIMESTAMP,,更新时间
设备管理,eqp_spot_check_record,,is_deleted,tinyint unsigned,是,0,,逻辑删除
设备管理,eqp_repair_order,报修任务表,id,bigint unsigned,是,自增,,主键
设备管理,eqp_repair_order,,repair_no,varchar(32),是,,,报修单号(唯一)
设备管理,eqp_repair_order,,equipment_id,bigint unsigned,是,,eqp_equipment.id,故障设备
设备管理,eqp_repair_order,,line_id,bigint unsigned,否,NULL,base_production_line.id,影响产线
设备管理,eqp_repair_order,,fault_reason_id,bigint unsigned,否,NULL,eqp_fault_reason.id,故障现象(报修人选择)
设备管理,eqp_repair_order,,real_fault_reason_id,bigint unsigned,否,NULL,eqp_fault_reason.id,真实故障原因(维修人补充)
设备管理,eqp_repair_order,,urgent_level,tinyint unsigned,是,2,,紧急程度:1紧急 2一般 3低
设备管理,eqp_repair_order,,repair_desc,varchar(500),否,NULL,,报修说明
设备管理,eqp_repair_order,,image_path,varchar(500),否,NULL,,故障照片路径
设备管理,eqp_repair_order,,reporter_id,bigint unsigned,是,,sys_user.id,报修人
设备管理,eqp_repair_order,,assign_to,bigint unsigned,否,NULL,sys_user.id,维修人(设备管理员分派)
设备管理,eqp_repair_order,,handle_process,varchar(1000),否,NULL,,维修处理过程
设备管理,eqp_repair_order,,handle_result,varchar(500),否,NULL,,维修结果
设备管理,eqp_repair_order,,stop_start_time,datetime,否,NULL,,停机开始时间
设备管理,eqp_repair_order,,stop_end_time,datetime,否,NULL,,停机结束时间
设备管理,eqp_repair_order,,stop_minutes,int unsigned,否,NULL,,停机时长(分钟)
设备管理,eqp_repair_order,,relate_repair_id,bigint unsigned,否,NULL,eqp_repair_order.id,关联重复报修单
设备管理,eqp_repair_order,,accept_by,bigint unsigned,否,NULL,sys_user.id,验收人
设备管理,eqp_repair_order,,repair_status,tinyint unsigned,是,0,,状态:0待分派 1维修中 2待验收 3已关闭(未分派不可关闭)
设备管理,eqp_repair_order,,create_time,datetime,是,CURRENT_TIMESTAMP,,报修时间
设备管理,eqp_repair_order,,update_time,datetime,是,CURRENT_TIMESTAMP,,更新时间
设备管理,eqp_repair_order,,is_deleted,tinyint unsigned,是,0,,逻辑删除
设备管理,eqp_run_record,设备运行记录表,id,bigint unsigned,是,自增,,主键
设备管理,eqp_run_record,,equipment_id,bigint unsigned,是,,eqp_equipment.id,设备
设备管理,eqp_run_record,,line_id,bigint unsigned,否,NULL,base_production_line.id,产线(冗余)
设备管理,eqp_run_record,,run_status,tinyint unsigned,是,,,状态:1运行 2停机 3故障
设备管理,eqp_run_record,,stop_reason_type,tinyint unsigned,否,NULL,,停机原因分类:1计划停机 2故障 3换型 4缺料 9其他
设备管理,eqp_run_record,,start_time,datetime,是,,,状态开始时间
设备管理,eqp_run_record,,end_time,datetime,否,NULL,,状态结束时间
设备管理,eqp_run_record,,duration_minutes,int unsigned,否,NULL,,持续时长(分钟)
设备管理,eqp_run_record,,create_time,datetime,是,CURRENT_TIMESTAMP,,创建时间
设备管理,eqp_run_record,,update_time,datetime,是,CURRENT_TIMESTAMP,,更新时间
设备管理,eqp_run_record,,is_deleted,tinyint unsigned,是,0,,逻辑删除
设备管理,eqp_oee_statistic,OEE统计表,id,bigint unsigned,是,自增,,主键
设备管理,eqp_oee_statistic,,stat_date,date,是,,,统计日期
设备管理,eqp_oee_statistic,,equipment_id,bigint unsigned,否,NULL,eqp_equipment.id,设备(设备维度)
设备管理,eqp_oee_statistic,,line_id,bigint unsigned,否,NULL,base_production_line.id,产线(产线维度)
设备管理,eqp_oee_statistic,,shift_id,bigint unsigned,否,NULL,base_shift.id,班次
设备管理,eqp_oee_statistic,,plan_minutes,int unsigned,是,0,,计划生产时间(分钟)
设备管理,eqp_oee_statistic,,run_minutes,int unsigned,是,0,,实际运行时间(分钟)
设备管理,eqp_oee_statistic,,stop_minutes,int unsigned,是,0,,停机时间(分钟)
设备管理,eqp_oee_statistic,,output_quantity,int unsigned,是,0,,产出数量
设备管理,eqp_oee_statistic,,defect_quantity,int unsigned,是,0,,不良数量
设备管理,eqp_oee_statistic,,time_rate,decimal(5:2),否,NULL,,时间稼动率(%)
设备管理,eqp_oee_statistic,,perf_rate,decimal(5:2),否,NULL,,性能稼动率(%;缺理论节拍时为空)
设备管理,eqp_oee_statistic,,quality_rate,decimal(5:2),否,NULL,,良品率(%)
设备管理,eqp_oee_statistic,,oee,decimal(5:2),否,NULL,,OEE(%)
设备管理,eqp_oee_statistic,,create_time,datetime,是,CURRENT_TIMESTAMP,,创建时间
设备管理,eqp_oee_statistic,,update_time,datetime,是,CURRENT_TIMESTAMP,,更新时间
设备管理,eqp_oee_statistic,,is_deleted,tinyint unsigned,是,0,,逻辑删除
设备管理,energy_record,能耗采集记录表,id,bigint unsigned,是,自增,,主键
设备管理,energy_record,,equipment_id,bigint unsigned,是,,eqp_equipment.id,设备
设备管理,energy_record,,energy_type,tinyint unsigned,是,1,,能耗类型:1电 2水 3气
设备管理,energy_record,,energy_value,decimal(12:2),是,,,能耗值(非负)
设备管理,energy_record,,collect_time,datetime,是,,,采集时间
设备管理,energy_record,,source_type,tinyint unsigned,是,1,,来源:1采集 2手工录入
设备管理,energy_record,,create_time,datetime,是,CURRENT_TIMESTAMP,,创建时间
设备管理,energy_record,,update_time,datetime,是,CURRENT_TIMESTAMP,,更新时间
设备管理,energy_record,,is_deleted,tinyint unsigned,是,0,,逻辑删除
设备对接,eqp_access_config,设备接入配置表,id,bigint unsigned,是,自增,,主键
设备对接,eqp_access_config,,equipment_id,bigint unsigned,是,,eqp_equipment.id,设备
设备对接,eqp_access_config,,collect_point,varchar(64),是,,,采集点编码
设备对接,eqp_access_config,,line_id,bigint unsigned,是,,base_production_line.id,关联产线
设备对接,eqp_access_config,,process_id,bigint unsigned,是,,craft_process.id,关联工序
设备对接,eqp_access_config,,count_rule,tinyint unsigned,是,1,,计数规则:1累计值 2增量值
设备对接,eqp_access_config,,data_source,varchar(64),否,NULL,,数据来源说明(PLC/传感器/API)
设备对接,eqp_access_config,,auto_report,tinyint unsigned,是,0,,是否自动报工:1自动 0待确认
设备对接,eqp_access_config,,debug_status,tinyint unsigned,是,0,,联调状态:0未联调 1联调中 2联调通过(未通过不可启用)
设备对接,eqp_access_config,,is_enabled,tinyint unsigned,是,0,,是否启用采集:1是 0否
设备对接,eqp_access_config,,create_time,datetime,是,CURRENT_TIMESTAMP,,创建时间
设备对接,eqp_access_config,,update_time,datetime,是,CURRENT_TIMESTAMP,,更新时间
设备对接,eqp_access_config,,is_deleted,tinyint unsigned,是,0,,逻辑删除
设备对接,eqp_count_record,设备计数记录表,id,bigint unsigned,是,自增,,主键
设备对接,eqp_count_record,,equipment_id,bigint unsigned,是,,eqp_equipment.id,设备
设备对接,eqp_count_record,,collect_time,datetime,是,,,采集时间
设备对接,eqp_count_record,,serial_no,varchar(64),否,NULL,,上报流水号(设备+时间+流水去重)
设备对接,eqp_count_record,,count_value,int unsigned,是,,,计数值(累计)
设备对接,eqp_count_record,,increment_value,int unsigned,是,0,,增量值
设备对接,eqp_count_record,,run_status,tinyint unsigned,否,NULL,,设备运行状态:1运行 2停机 3故障
设备对接,eqp_count_record,,task_id,bigint unsigned,否,NULL,prod_task.id,匹配生产任务
设备对接,eqp_count_record,,process_id,bigint unsigned,否,NULL,craft_process.id,匹配工序
设备对接,eqp_count_record,,match_status,tinyint unsigned,是,0,,匹配状态:0待匹配 1匹配成功 2匹配失败入异常池
设备对接,eqp_count_record,,report_id,bigint unsigned,否,NULL,prod_report.id,生成的报工记录
设备对接,eqp_count_record,,create_time,datetime,是,CURRENT_TIMESTAMP,,创建时间
设备对接,eqp_count_record,,update_time,datetime,是,CURRENT_TIMESTAMP,,更新时间
设备对接,eqp_count_record,,is_deleted,tinyint unsigned,是,0,,逻辑删除
设备对接,eqp_count_error,设备计数异常表,id,bigint unsigned,是,自增,,主键
设备对接,eqp_count_error,,equipment_id,bigint unsigned,否,NULL,eqp_equipment.id,设备
设备对接,eqp_count_error,,collect_time,datetime,否,NULL,,采集时间
设备对接,eqp_count_error,,raw_data,varchar(1000),是,,,原始上报数据
设备对接,eqp_count_error,,error_type,tinyint unsigned,是,,,异常类型:1无法匹配任务 2格式异常 3重复上报 4计数倒退跳变
设备对接,eqp_count_error,,handle_status,tinyint unsigned,是,0,,处理状态:0待处理 1已处理 2已忽略
设备对接,eqp_count_error,,handler_id,bigint unsigned,否,NULL,sys_user.id,处理人
设备对接,eqp_count_error,,handle_remark,varchar(500),否,NULL,,处理说明
设备对接,eqp_count_error,,create_time,datetime,是,CURRENT_TIMESTAMP,,创建时间
设备对接,eqp_count_error,,update_time,datetime,是,CURRENT_TIMESTAMP,,更新时间
设备对接,eqp_count_error,,is_deleted,tinyint unsigned,是,0,,逻辑删除
计件工资,wage_piece_price,工序计件单价表,id,bigint unsigned,是,自增,,主键
计件工资,wage_piece_price,,process_id,bigint unsigned,是,,craft_process.id,工序
计件工资,wage_piece_price,,product_id,bigint unsigned,是,,base_product.id,产品
计件工资,wage_piece_price,,unit_price,decimal(10:4),是,,,计件单价(元/只)
计件工资,wage_piece_price,,defect_deduct_type,tinyint unsigned,是,1,,不良处理:1不计件 2半价 3全计件
计件工资,wage_piece_price,,effect_date,date,是,,,生效日期(变更从生效日起影响新数据)
计件工资,wage_piece_price,,expire_date,date,否,NULL,,失效日期
计件工资,wage_piece_price,,status,tinyint unsigned,是,1,,状态:1启用 0停用
计件工资,wage_piece_price,,create_time,datetime,是,CURRENT_TIMESTAMP,,创建时间
计件工资,wage_piece_price,,update_time,datetime,是,CURRENT_TIMESTAMP,,更新时间
计件工资,wage_piece_price,,is_deleted,tinyint unsigned,是,0,,逻辑删除
计件工资,wage_piece_detail,计件工资明细表,id,bigint unsigned,是,自增,,主键
计件工资,wage_piece_detail,,stat_date,date,是,,,计件日期
计件工资,wage_piece_detail,,user_id,bigint unsigned,是,,sys_user.id,员工
计件工资,wage_piece_detail,,task_id,bigint unsigned,是,,prod_task.id,生产任务单
计件工资,wage_piece_detail,,process_id,bigint unsigned,是,,craft_process.id,工序
计件工资,wage_piece_detail,,product_id,bigint unsigned,是,,base_product.id,产品
计件工资,wage_piece_detail,,report_id,bigint unsigned,是,,prod_report.id,来源报工记录(同报工不重复计件)
计件工资,wage_piece_detail,,qualified_quantity,int unsigned,是,0,,合格数量(审核后有效报工)
计件工资,wage_piece_detail,,defect_quantity,int unsigned,是,0,,不良扣减数量
计件工资,wage_piece_detail,,unit_price,decimal(10:4),是,,,单价快照(计算时点)
计件工资,wage_piece_detail,,amount,decimal(12:2),是,,,计件金额
计件工资,wage_piece_detail,,audit_status,tinyint unsigned,是,0,,审核状态:0待审核 1已审核(审核后不可改)
计件工资,wage_piece_detail,,audit_by,bigint unsigned,否,NULL,sys_user.id,审核人
计件工资,wage_piece_detail,,audit_time,datetime,否,NULL,,审核时间
计件工资,wage_piece_detail,,adjust_reason,varchar(255),否,NULL,,调整原因
计件工资,wage_piece_detail,,create_time,datetime,是,CURRENT_TIMESTAMP,,创建时间
计件工资,wage_piece_detail,,update_time,datetime,是,CURRENT_TIMESTAMP,,更新时间
计件工资,wage_piece_detail,,is_deleted,tinyint unsigned,是,0,,逻辑删除
质量管理,qc_item_category,检验项目分类表,id,bigint unsigned,是,自增,,主键
质量管理,qc_item_category,,category_code,varchar(32),是,,,分类编码(唯一)
质量管理,qc_item_category,,category_name,varchar(64),是,,,分类名称(外观/重量/羽片排列/球头牢固度/飞行稳定性)
质量管理,qc_item_category,,status,tinyint unsigned,是,1,,状态:1启用 0停用
质量管理,qc_item_category,,create_time,datetime,是,CURRENT_TIMESTAMP,,创建时间
质量管理,qc_item_category,,update_time,datetime,是,CURRENT_TIMESTAMP,,更新时间
质量管理,qc_item_category,,is_deleted,tinyint unsigned,是,0,,逻辑删除
质量管理,qc_item,检验项目表,id,bigint unsigned,是,自增,,主键
质量管理,qc_item,,item_code,varchar(32),是,,,项目编码(唯一)
质量管理,qc_item,,category_id,bigint unsigned,是,,qc_item_category.id,项目分类
质量管理,qc_item,,item_name,varchar(128),是,,,项目名称
质量管理,qc_item,,unit_id,bigint unsigned,否,NULL,base_unit.id,计量单位(数值型必填)
质量管理,qc_item,,judge_type,tinyint unsigned,是,1,,判定方式:1数值范围 2目测判定
质量管理,qc_item,,standard_value,decimal(12:4),否,NULL,,标准值
质量管理,qc_item,,upper_limit,decimal(12:4),否,NULL,,上限(数值型必填)
质量管理,qc_item,,lower_limit,decimal(12:4),否,NULL,,下限(数值型必填)
质量管理,qc_item,,check_method,varchar(255),否,NULL,,检验方法说明
质量管理,qc_item,,is_required,tinyint unsigned,是,0,,是否必检:1是 0否
质量管理,qc_item,,status,tinyint unsigned,是,1,,状态:1启用 0停用
质量管理,qc_item,,create_time,datetime,是,CURRENT_TIMESTAMP,,创建时间
质量管理,qc_item,,update_time,datetime,是,CURRENT_TIMESTAMP,,更新时间
质量管理,qc_item,,is_deleted,tinyint unsigned,是,0,,逻辑删除
质量管理,qc_scheme,检验标准方案主表,id,bigint unsigned,是,自增,,主键
质量管理,qc_scheme,,scheme_code,varchar(32),是,,,方案编码
质量管理,qc_scheme,,scheme_name,varchar(128),是,,,方案名称
质量管理,qc_scheme,,product_id,bigint unsigned,是,,base_product.id,适用产品
质量管理,qc_scheme,,customer_id,bigint unsigned,否,NULL,base_customer.id,适用客户(客户方案优先)
质量管理,qc_scheme,,inspect_type,tinyint unsigned,是,,,检验类型:1首件 2末件 3巡检 4成品入库 5成品发货
质量管理,qc_scheme,,version,varchar(16),是,V1,,方案版本(变更形成新版本)
质量管理,qc_scheme,,is_default,tinyint unsigned,是,1,,是否默认方案(同产品同类型仅一个默认生效)
质量管理,qc_scheme,,effect_date,date,否,NULL,,生效日期
质量管理,qc_scheme,,scheme_status,tinyint unsigned,是,0,,状态:0草稿 1生效 2停用(未审核不可用于检验)
质量管理,qc_scheme,,audit_by,bigint unsigned,否,NULL,sys_user.id,审核人(质量主管)
质量管理,qc_scheme,,audit_time,datetime,否,NULL,,审核时间
质量管理,qc_scheme,,create_by,bigint unsigned,是,,sys_user.id,创建人
质量管理,qc_scheme,,create_time,datetime,是,CURRENT_TIMESTAMP,,创建时间
质量管理,qc_scheme,,update_time,datetime,是,CURRENT_TIMESTAMP,,更新时间
质量管理,qc_scheme,,is_deleted,tinyint unsigned,是,0,,逻辑删除
质量管理,qc_scheme_item,检验方案明细表,id,bigint unsigned,是,自增,,主键
质量管理,qc_scheme_item,,scheme_id,bigint unsigned,是,,qc_scheme.id,检验方案
质量管理,qc_scheme_item,,item_id,bigint unsigned,是,,qc_item.id,检验项目
质量管理,qc_scheme_item,,sample_quantity,int unsigned,是,1,,抽样数量
质量管理,qc_scheme_item,,judge_standard,varchar(255),否,NULL,,判定标准说明
质量管理,qc_scheme_item,,is_required,tinyint unsigned,是,1,,是否必检:1是 0否(必检项检验单不可为空)
质量管理,qc_scheme_item,,create_time,datetime,是,CURRENT_TIMESTAMP,,创建时间
质量管理,qc_scheme_item,,update_time,datetime,是,CURRENT_TIMESTAMP,,更新时间
质量管理,qc_scheme_item,,is_deleted,tinyint unsigned,是,0,,逻辑删除
质量管理,qc_inspection,检验单主表(首末件/巡检/入库/发货统一),id,bigint unsigned,是,自增,,主键
质量管理,qc_inspection,,inspection_no,varchar(32),是,,,检验单号(唯一)
质量管理,qc_inspection,,inspect_type,tinyint unsigned,是,,,检验类型:1首件 2末件 3巡检 4成品入库 5成品发货
质量管理,qc_inspection,,task_id,bigint unsigned,否,NULL,prod_task.id,生产任务单(首末件/巡检)
质量管理,qc_inspection,,finish_order_id,bigint unsigned,否,NULL,prod_finish_order.id,生产完工单(入库检验)
质量管理,qc_inspection,,work_order_id,bigint unsigned,否,NULL,prod_work_order.id,生产工单(冗余)
质量管理,qc_inspection,,delivery_no,varchar(64),否,NULL,,发货通知单号(发货检验)
质量管理,qc_inspection,,product_id,bigint unsigned,是,,base_product.id,产品
质量管理,qc_inspection,,batch_no,varchar(64),是,,,产品批次号
质量管理,qc_inspection,,customer_id,bigint unsigned,否,NULL,base_customer.id,客户(发货检验)
质量管理,qc_inspection,,scheme_id,bigint unsigned,是,,qc_scheme.id,检验方案版本
质量管理,qc_inspection,,sample_quantity,int unsigned,是,1,,抽样数量
质量管理,qc_inspection,,inspector_id,bigint unsigned,是,,sys_user.id,质检员
质量管理,qc_inspection,,inspect_time,datetime,是,,,检验时间
质量管理,qc_inspection,,conclusion,tinyint unsigned,否,NULL,,检验结论:1合格 2不合格 3让步接收 4返修 5报废
质量管理,qc_inspection,,release_status,tinyint unsigned,是,0,,放行状态:0待检 1放行 2冻结/停线
质量管理,qc_inspection,,concession_by,bigint unsigned,否,NULL,sys_user.id,让步接收审批人
质量管理,qc_inspection,,concession_reason,varchar(255),否,NULL,,让步接收原因
质量管理,qc_inspection,,handle_remark,varchar(500),否,NULL,,不合格处理意见
质量管理,qc_inspection,,inspection_status,tinyint unsigned,是,0,,单据状态:0待检验 1已完成 2已作废
质量管理,qc_inspection,,create_time,datetime,是,CURRENT_TIMESTAMP,,创建时间
质量管理,qc_inspection,,update_time,datetime,是,CURRENT_TIMESTAMP,,更新时间
质量管理,qc_inspection,,is_deleted,tinyint unsigned,是,0,,逻辑删除
质量管理,qc_inspection_item,检验项目结果表,id,bigint unsigned,是,自增,,主键
质量管理,qc_inspection_item,,inspection_id,bigint unsigned,是,,qc_inspection.id,检验单
质量管理,qc_inspection_item,,item_id,bigint unsigned,是,,qc_item.id,检验项目
质量管理,qc_inspection_item,,measured_value,varchar(64),否,NULL,,实测值(数值或目测描述;必检项不可为空)
质量管理,qc_inspection_item,,judge_result,tinyint unsigned,是,,,判定结果:1合格 2不合格
质量管理,qc_inspection_item,,defect_remark,varchar(255),否,NULL,,不良现象说明
质量管理,qc_inspection_item,,create_time,datetime,是,CURRENT_TIMESTAMP,,创建时间
质量管理,qc_inspection_item,,update_time,datetime,是,CURRENT_TIMESTAMP,,更新时间
质量管理,qc_inspection_item,,is_deleted,tinyint unsigned,是,0,,逻辑删除
安灯管理,andon_type,安灯类型表,id,bigint unsigned,是,自增,,主键
安灯管理,andon_type,,type_code,varchar(32),是,,,类型编码(唯一)
安灯管理,andon_type,,type_name,varchar(64),是,,,类型名称
安灯管理,andon_type,,exception_category,tinyint unsigned,是,,,异常类别:1生产 2设备 3质量 4物料 5非生产
安灯管理,andon_type,,handle_mode,tinyint unsigned,是,2,,处理方式:1不处理 2自行处理 3协助处理
安灯管理,andon_type,,response_minutes,int unsigned,否,NULL,,响应时限(分钟)
安灯管理,andon_type,,is_light_control,tinyint unsigned,是,0,,是否联动设备灯控:1是 0否(不支持时降级记录状态)
安灯管理,andon_type,,status,tinyint unsigned,是,1,,状态:1启用 0停用(停用不可用于新异常)
安灯管理,andon_type,,create_time,datetime,是,CURRENT_TIMESTAMP,,创建时间
安灯管理,andon_type,,update_time,datetime,是,CURRENT_TIMESTAMP,,更新时间
安灯管理,andon_type,,is_deleted,tinyint unsigned,是,0,,逻辑删除
安灯管理,andon_config,异常配置表,id,bigint unsigned,是,自增,,主键
安灯管理,andon_config,,andon_type_id,bigint unsigned,是,,andon_type.id,安灯类型
安灯管理,andon_config,,line_id,bigint unsigned,否,NULL,base_production_line.id,适用产线(NULL为全部)
安灯管理,andon_config,,handle_role_id,bigint unsigned,否,NULL,sys_role.id,处理角色(协助处理必配其一)
安灯管理,andon_config,,handler_id,bigint unsigned,否,NULL,sys_user.id,处理人
安灯管理,andon_config,,notify_way,tinyint unsigned,是,1,,通知方式:1系统消息 2看板 3消息+看板
安灯管理,andon_config,,response_minutes,int unsigned,是,30,,响应时限(分钟;超时升级)
安灯管理,andon_config,,upgrade_to,bigint unsigned,否,NULL,sys_user.id,升级通知对象
安灯管理,andon_config,,status,tinyint unsigned,是,1,,状态:1启用 0停用
安灯管理,andon_config,,create_time,datetime,是,CURRENT_TIMESTAMP,,创建时间
安灯管理,andon_config,,update_time,datetime,是,CURRENT_TIMESTAMP,,更新时间
安灯管理,andon_config,,is_deleted,tinyint unsigned,是,0,,逻辑删除
安灯管理,andon_reason,异常原因表,id,bigint unsigned,是,自增,,主键
安灯管理,andon_reason,,reason_code,varchar(32),是,,,原因编码(唯一)
安灯管理,andon_reason,,andon_type_id,bigint unsigned,是,,andon_type.id,归属安灯类型
安灯管理,andon_reason,,reason_name,varchar(64),是,,,原因名称
安灯管理,andon_reason,,reason_desc,varchar(255),否,NULL,,原因描述
安灯管理,andon_reason,,status,tinyint unsigned,是,1,,状态:1启用 0停用(停用不用于新异常)
安灯管理,andon_reason,,create_time,datetime,是,CURRENT_TIMESTAMP,,创建时间
安灯管理,andon_reason,,update_time,datetime,是,CURRENT_TIMESTAMP,,更新时间
安灯管理,andon_reason,,is_deleted,tinyint unsigned,是,0,,逻辑删除
安灯管理,andon_exception,现场生产异常表,id,bigint unsigned,是,自增,,主键
安灯管理,andon_exception,,exception_no,varchar(32),是,,,异常单号(唯一)
安灯管理,andon_exception,,andon_type_id,bigint unsigned,是,,andon_type.id,安灯类型
安灯管理,andon_exception,,reason_id,bigint unsigned,否,NULL,andon_reason.id,发起时选择原因
安灯管理,andon_exception,,real_reason_id,bigint unsigned,否,NULL,andon_reason.id,处理人确认的实际原因
安灯管理,andon_exception,,workshop_id,bigint unsigned,否,NULL,base_workshop.id,车间
安灯管理,andon_exception,,line_id,bigint unsigned,否,NULL,base_production_line.id,产线(非生产异常可空)
安灯管理,andon_exception,,task_id,bigint unsigned,否,NULL,prod_task.id,影响生产任务
安灯管理,andon_exception,,process_id,bigint unsigned,否,NULL,craft_process.id,工序
安灯管理,andon_exception,,equipment_id,bigint unsigned,否,NULL,eqp_equipment.id,设备(设备异常可联动报修)
安灯管理,andon_exception,,repair_order_id,bigint unsigned,否,NULL,eqp_repair_order.id,联动生成的报修单
安灯管理,andon_exception,,batch_no,varchar(64),否,NULL,,产品批次号
安灯管理,andon_exception,,description,varchar(1000),否,NULL,,异常描述
安灯管理,andon_exception,,image_path,varchar(500),否,NULL,,照片路径(上传失败可仅文字)
安灯管理,andon_exception,,source_terminal,tinyint unsigned,是,1,,发起端:1后台 2平板 3移动端
安灯管理,andon_exception,,reporter_id,bigint unsigned,是,,sys_user.id,发起人
安灯管理,andon_exception,,handler_id,bigint unsigned,否,NULL,sys_user.id,当前处理人
安灯管理,andon_exception,,confirm_time,datetime,否,NULL,,确认时间
安灯管理,andon_exception,,close_time,datetime,否,NULL,,关闭时间
安灯管理,andon_exception,,handle_result,varchar(500),否,NULL,,处理结果(关闭必填)
安灯管理,andon_exception,,stop_minutes,int unsigned,否,NULL,,停线时长(分钟)
安灯管理,andon_exception,,affect_quantity,int unsigned,否,NULL,,影响数量
安灯管理,andon_exception,,is_timeout,tinyint unsigned,是,0,,是否超时:1是 0否
安灯管理,andon_exception,,light_status,tinyint unsigned,否,NULL,,安灯灯控状态:1已亮灯 2已关灯 3不支持
安灯管理,andon_exception,,exception_status,tinyint unsigned,是,0,,状态:0待确认 1处理中 2已关闭
安灯管理,andon_exception,,create_time,datetime,是,CURRENT_TIMESTAMP,,发起时间
安灯管理,andon_exception,,update_time,datetime,是,CURRENT_TIMESTAMP,,更新时间
安灯管理,andon_exception,,is_deleted,tinyint unsigned,是,0,,逻辑删除
安灯管理,andon_handle_record,异常处理记录表,id,bigint unsigned,是,自增,,主键
安灯管理,andon_handle_record,,exception_id,bigint unsigned,是,,andon_exception.id,异常单
安灯管理,andon_handle_record,,action_type,tinyint unsigned,是,,,动作:1确认 2处理 3转派 4升级 5关闭
安灯管理,andon_handle_record,,handler_id,bigint unsigned,是,,sys_user.id,操作人
安灯管理,andon_handle_record,,transfer_to,bigint unsigned,否,NULL,sys_user.id,转派对象(转派必填原因)
安灯管理,andon_handle_record,,action_remark,varchar(500),否,NULL,,处理措施/转派原因/关闭说明
安灯管理,andon_handle_record,,cost_minutes,int unsigned,否,NULL,,处理耗时(分钟)
安灯管理,andon_handle_record,,action_time,datetime,是,,,操作时间
安灯管理,andon_handle_record,,create_time,datetime,是,CURRENT_TIMESTAMP,,创建时间
安灯管理,andon_handle_record,,update_time,datetime,是,CURRENT_TIMESTAMP,,更新时间
安灯管理,andon_handle_record,,is_deleted,tinyint unsigned,是,0,,逻辑删除
接口管理,api_sync_record,外部系统同步记录表,id,bigint unsigned,是,自增,,主键
接口管理,api_sync_record,,sync_type,tinyint unsigned,是,,,同步类型:1工单读取 2工艺读取 3单位写入 4工单写入 5任务写入 6设备计数写入 7完工单读取
接口管理,api_sync_record,,source_system,varchar(32),是,,,来源/目标系统(ERP/WMS/设备系统)
接口管理,api_sync_record,,source_no,varchar(64),是,,,外部来源单号(同类型+来源唯一防重复生成)
接口管理,api_sync_record,,target_table,varchar(64),否,NULL,,目标业务表
接口管理,api_sync_record,,target_id,bigint unsigned,否,NULL,,生成的MES单据ID
接口管理,api_sync_record,,sync_status,tinyint unsigned,是,0,,状态:0待处理 1成功 2失败 3重复跳过
接口管理,api_sync_record,,error_msg,varchar(500),否,NULL,,失败原因(缺字段/重复/校验失败)
接口管理,api_sync_record,,sync_time,datetime,是,,,同步时间
接口管理,api_sync_record,,create_time,datetime,是,CURRENT_TIMESTAMP,,创建时间
接口管理,api_sync_record,,update_time,datetime,是,CURRENT_TIMESTAMP,,更新时间
接口管理,api_sync_record,,is_deleted,tinyint unsigned,是,0,,逻辑删除
接口管理,api_log,接口调用日志表,id,bigint unsigned,是,自增,,主键
接口管理,api_log,,api_code,varchar(64),是,,,接口编码
接口管理,api_log,,source_system,varchar(32),是,,,调用方系统
接口管理,api_log,,direction,tinyint unsigned,是,1,,方向:1外部写入 2外部读取
接口管理,api_log,,biz_no,varchar(64),否,NULL,,业务单号
接口管理,api_log,,result_status,tinyint unsigned,是,,,结果:1成功 2失败
接口管理,api_log,,error_msg,varchar(500),否,NULL,,错误信息
接口管理,api_log,,cost_ms,int unsigned,否,NULL,,耗时(毫秒)
接口管理,api_log,,create_time,datetime,是,CURRENT_TIMESTAMP,,调用时间
接口管理,api_log,,update_time,datetime,是,CURRENT_TIMESTAMP,,更新时间
接口管理,api_log,,is_deleted,tinyint unsigned,是,0,,逻辑删除
报表分析,rpt_workshop_period,车间生产时段统计表,id,bigint unsigned,是,自增,,主键
报表分析,rpt_workshop_period,,stat_type,tinyint unsigned,是,1,,统计类型:1日 2周 3月(口径一致)
报表分析,rpt_workshop_period,,stat_date,date,是,,,统计起始日期
报表分析,rpt_workshop_period,,workshop_id,bigint unsigned,是,,base_workshop.id,车间
报表分析,rpt_workshop_period,,plan_quantity,int unsigned,是,0,,计划数量
报表分析,rpt_workshop_period,,output_quantity,int unsigned,是,0,,实际产量
报表分析,rpt_workshop_period,,achieve_rate,decimal(5:2),否,NULL,,计划达成率(%)
报表分析,rpt_workshop_period,,defect_rate,decimal(5:2),否,NULL,,不良率(%)
报表分析,rpt_workshop_period,,first_pass_rate,decimal(5:2),否,NULL,,直通率(%)
报表分析,rpt_workshop_period,,exception_count,int unsigned,是,0,,异常次数
报表分析,rpt_workshop_period,,stop_minutes,int unsigned,是,0,,停线时长(分钟;来自异常/设备状态)
报表分析,rpt_workshop_period,,create_time,datetime,是,CURRENT_TIMESTAMP,,创建时间
报表分析,rpt_workshop_period,,update_time,datetime,是,CURRENT_TIMESTAMP,,更新时间
报表分析,rpt_workshop_period,,is_deleted,tinyint unsigned,是,0,,逻辑删除
